{"access_token": "ya29.CjLuAg5okk-iJZa_YeBChXQItqf2DN-mfj_pes-3TySJDuk4i_jF_7voD3Osrp-LFptoSw", "user_agent": null, "token_expiry": "2016-05-26T17:53:25Z", "token_info_uri": "https://www.googleapis.com/oauth2/v3/tokeninfo", "id_token": null, "revoke_uri": "https://accounts.google.com/o/oauth2/revoke", "_class": "OAuth2Credentials", "invalid": false, "token_uri": "https://accounts.google.com/o/oauth2/token", "_module": "oauth2client.client", "client_secret": "4grxA70yg5WGDQEXoTcHZhtN", "refresh_token": "1/_j_3fk6ixP1qqBqwD3GJi57hF3yeQITZwN_bnXBs648MEudVrK5jSpoR30zcRFq6", "scopes": ["https://www.googleapis.com/auth/calendar"], "token_response": {"expires_in": 3600, "access_token": "ya29.CjLuAg5okk-iJZa_YeBChXQItqf2DN-mfj_pes-3TySJDuk4i_jF_7voD3Osrp-LFptoSw", "token_type": "Bearer"}, "client_id": "845803962218-7nnl46slcp9hqca6lmvlclc5n6m1o2bd.apps.googleusercontent.com"}